-- phpMyAdmin SQL Dump
-- version 5.1.1
-- https://www.phpmyadmin.net/
--
-- Host: 127.0.0.1
-- Generation Time: May 09, 2023 at 03:03 PM
-- Server version: 10.4.19-MariaDB
-- PHP Version: 8.0.7

SET SQL_MODE = "NO_AUTO_VALUE_ON_ZERO";
START TRANSACTION;
SET time_zone = "+00:00";


/*!40101 SET @OLD_CHARACTER_SET_CLIENT=@@CHARACTER_SET_CLIENT */;
/*!40101 SET @OLD_CHARACTER_SET_RESULTS=@@CHARACTER_SET_RESULTS */;
/*!40101 SET @OLD_COLLATION_CONNECTION=@@COLLATION_CONNECTION */;
/*!40101 SET NAMES utf8mb4 */;

--
-- Database: `votesystem`
--

-- --------------------------------------------------------

--
-- Table structure for table `admin`
--

CREATE TABLE `admin` (
  `id` int(11) NOT NULL,
  `username` varchar(50) NOT NULL,
  `password` varchar(100) NOT NULL,
  `firstname` varchar(50) NOT NULL,
  `lastname` varchar(50) NOT NULL,
  `photo` varchar(150) NOT NULL,
  `created_on` date NOT NULL
) ENGINE=InnoDB DEFAULT CHARSET=latin1;

--
-- Dumping data for table `admin`
--

INSERT INTO `admin` (`id`, `username`, `password`, `firstname`, `lastname`, `photo`, `created_on`) VALUES
(1, 'nacos_aaua', '$2y$10$SXiKdfOBrtwPs5yWqQ.S2.ESmGgkxIB4EVvLReJdvTXieFa/wh2LS', 'NACOS', 'AAUA', 'nacos_logo.png', '0000-00-00');

-- --------------------------------------------------------

--
-- Table structure for table `candidates`
--

CREATE TABLE `candidates` (
  `id` int(11) NOT NULL,
  `position_id` int(11) NOT NULL,
  `firstname` varchar(30) NOT NULL,
  `lastname` varchar(30) NOT NULL,
  `photo` varchar(150) NOT NULL,
  `platform` text NOT NULL
) ENGINE=InnoDB DEFAULT CHARSET=latin1;

--
-- Dumping data for table `candidates`
--

INSERT INTO `candidates` (`id`, `position_id`, `firstname`, `lastname`, `photo`, `platform`) VALUES
(1, 1, 'Joshua Sunday', 'Ajayi', 'President.jpg', 'Name: Ajayi Joshua Sunday\r\nLevel: 400l\r\nMatric Number: 170404076'),
(2, 2, 'Racheal Oluwatosin', 'Oyediran', 'Vice President.jpg', 'Name: Oyediran Racheal Oluwatosin \r\nLevel: 300\r\nMatric Number: 180404009'),
(3, 3, 'Franklin', 'Chukwuyem', 'GS.jpg', 'Name: Chukwuyem Franklin\r\nLevel: 300\r\nMatric Number: 180404022'),
(4, 5, 'Temidayo Abidemi', 'Adesoji', 'Welfare.jpg', ''),
(5, 4, 'Victor Oluwafemi', 'Sule', 'Social Director.jpg', ''),
(6, 7, 'Ayobami Emmanuel', 'Bankole', 'Sport Director.jpg', 'Name: Bankole Ayobami Emmanuel\r\nLevel: 200\r\nMatric Number: 190404045'),
(7, 8, 'Mathew Oyedeji', 'Oyelowo', 'Librarian.jpg', 'Name: Oyelowo Mathew Oyedeji\r\nLevel: 400\r\nMatric Number: 170404035'),
(8, 9, 'Kenneth', 'Obi', 'HS Director.jpg', 'Name: OBI Kenneth E.\r\nLevel: 400\r\nMatric Number: 170404137'),
(9, 6, 'Adebayo Joseph', 'Adegbola', 'PRO.jpg', 'Name: Adegbola Adebayo Joseph\r\nLevel: 200\r\nMatric Number: 190404008'),
(10, 10, 'Victor Oluniyi', 'Oyeleye', 'SSRC 1.jpg', 'Name: Oyeleye Victor Oluniyi\r\nLevel: 400\r\nMatric Number: 170404065'),
(11, 11, 'Afeez Ayoola', 'Akadri', 'SSRC 2.jpg', 'Name: Akadri Afeez Ayoola\r\nLevel: 300\r\nMatric Number: 190404073'),
(12, 1, 'Void', ' ', 'Cancel.jfif', ''),
(13, 2, 'Void', ' ', 'Cancel.jfif', ''),
(14, 3, 'Void', ' ', 'Cancel.jfif', ''),
(15, 4, 'Void', ' ', 'Cancel.jfif', ''),
(16, 5, 'Void', ' ', 'Cancel.jfif', ''),
(17, 6, 'Void', ' ', 'Cancel.jfif', ''),
(18, 7, 'Void', ' ', 'Cancel.jfif', ''),
(19, 8, 'Void', ' ', 'Cancel.jfif', ''),
(20, 9, 'Void', ' ', 'Cancel.jfif', ''),
(21, 10, 'Void', ' ', 'Cancel.jfif', ''),
(22, 11, 'Void', ' ', 'Cancel.jfif', '');

-- --------------------------------------------------------

--
-- Table structure for table `positions`
--

CREATE TABLE `positions` (
  `id` int(11) NOT NULL,
  `description` varchar(50) NOT NULL,
  `max_vote` int(11) NOT NULL,
  `priority` int(11) NOT NULL
) ENGINE=InnoDB DEFAULT CHARSET=latin1;

--
-- Dumping data for table `positions`
--

INSERT INTO `positions` (`id`, `description`, `max_vote`, `priority`) VALUES
(1, 'President', 1, 1),
(2, 'Vice President', 1, 2),
(3, 'General Secretary', 1, 3),
(4, 'Social Director', 1, 4),
(5, 'Welfare Director ', 1, 5),
(6, 'Public Relations Officer', 1, 6),
(7, 'Sport Director', 1, 7),
(8, 'Librarian', 1, 8),
(9, 'Software & Hardware Director', 1, 9),
(10, 'SSRC I', 1, 10),
(11, 'SSRC II', 1, 11);

-- --------------------------------------------------------

--
-- Table structure for table `voters`
--

CREATE TABLE `voters` (
  `id` int(11) NOT NULL,
  `voters_id` varchar(15) NOT NULL,
  `password` varchar(100) DEFAULT NULL,
  `firstname` varchar(30) NOT NULL,
  `lastname` varchar(30) NOT NULL,
  `photo` varchar(150) NOT NULL
) ENGINE=InnoDB DEFAULT CHARSET=latin1;

--
-- Dumping data for table `voters`
--

INSERT INTO `voters` (`id`, `voters_id`, `password`, `firstname`, `lastname`, `photo`) VALUES
(1, '170404001', NULL, 'AYOMIDE', 'OLUDAMIRO', ''),
(2, '170404002', NULL, 'BLESSING', 'ADETOKUNBO', ''),
(3, '170404003', NULL, 'TEMITOPE', 'AKINGBOLA', ''),
(4, '170404004', NULL, 'ADEBOYE', 'ADERIBIGBE', ''),
(5, '170404005', NULL, 'AYODEJI', 'ADEMILOYE', ''),
(6, '170404006', NULL, 'ADEFUNMILOYE', 'AKINDELE', ''),
(7, '170404007', NULL, 'AYODEJI', 'AKINRINLOLA', ''),
(8, '170404008', NULL, 'KEHINDE', 'AKINLAMI', ''),
(9, '170404009', NULL, 'OLUWATOSIN', 'ABIODUN', ''),
(10, '170404010', NULL, 'PRECIOUS', 'ARIYO', ''),
(11, '170404011', NULL, 'AYOMIDE', 'BABALOLA', ''),
(12, '170404012', NULL, 'BOLUWATIFE', 'ABIMBOLA', ''),
(13, '170404013', NULL, 'JACKSON', 'OGUNLEYE', ''),
(14, '170404014', '$2y$10$ozmSw5KrFR93SSb./74xU.9sSRbU2TNgg.R4uiDVjN9CDSIiPBWw.', 'ADURALERE', 'OLADELE', ''),
(15, '170404015', NULL, 'OLUWASEYI', 'ADEWUMI', ''),
(16, '170404016', NULL, 'BABALOLA', 'BALOGUN', ''),
(17, '170404017', NULL, 'SAMSON', 'OYEGUN', ''),
(18, '170404018', NULL, 'VICTORY', 'AJAJA', ''),
(19, '170404019', '$2y$10$BlNG4cSlb57pZidCZOePteNI7iHu5AQ7mY2tEj3XF64k6Aj0EiJoW', 'ISAAC', 'OGUNTADE', ''),
(20, '170404020', NULL, 'FORTUNE', 'TOPE-GABRIELS', ''),
(21, '170404022', NULL, 'JERRY', 'AKINBI', ''),
(22, '170404023', NULL, 'DAMILOLA', 'ADESUYI', ''),
(23, '170404024', NULL, 'FELIX', 'OLANIYI', ''),
(24, '170404025', '$2y$10$SrBbCWYPDAMhYwlgvRsGb.n69gXNYWJ.KpLahumq8XJQ409uvGuFu', 'MOYINOLUWA', 'ADEDOYIN', ''),
(25, '170404026', NULL, 'TOLU', 'OMOSEHIN', ''),
(26, '170404027', NULL, 'MAYOWA', 'ABIDAKUN', ''),
(27, '170404028', '$2y$10$LwiP8GwGlV39UrIaLVhOHu.wVMWBaQCu2u/VHUmvCNhv8nT6suEHC', 'FAITH', 'OJUMOLA', ''),
(28, '170404029', NULL, 'AYOMIDE', 'RASHEED', ''),
(29, '170404030', NULL, 'DOLAPO', 'FALUSI', ''),
(30, '170404031', NULL, 'ILESANMI', 'ADETIBA', ''),
(31, '170404032', NULL, 'ABIOLA', 'OKUNDALAYE', ''),
(32, '170404033', NULL, 'DEBORAH', 'FOLORUNSO', ''),
(33, '170404034', NULL, 'EMMANUEL', 'IBITOYE', ''),
(34, '170404035', '$2y$10$LgW.RYa3O3KX7oOD7/8MsuFXDc2wa8O6aNiCW2Zy0CXMKUsQoNlcK', 'MATHEW', 'OYELOWO', ''),
(35, '170404036', NULL, 'TIMILEHIN', 'ADENIYI', ''),
(36, '170404037', NULL, 'ADEBUMOLA', 'OLAGBEMIDE', ''),
(37, '170404038', NULL, 'SAMUEL', 'ERINFOLAMI', ''),
(38, '170404039', NULL, 'AYOBAMI', 'SHABA', ''),
(39, '170404040', NULL, 'HANNAH', 'ADEIYA', ''),
(40, '170404041', NULL, 'CHRISTOPHER', 'ADEGBUYI', ''),
(41, '170404042', NULL, 'TOLUWAJU', 'ASOKO', ''),
(42, '170404043', NULL, 'JOSEPH', 'AYENI', ''),
(43, '170404044', NULL, 'TOLUWANI', 'JOSHUA', ''),
(44, '170404045', '$2y$10$qUzJ0h/yyH.9xJnMIPx8MOcUYpSBe3mOQk/CP0WClZ2tmV8HDzhiu', 'MUSTAPHA', 'BALOGUN', ''),
(45, '170404046', NULL, 'JOHN', 'OLOTUAH', ''),
(46, '170404047', NULL, 'MOSUNMOLA', 'OLAREWAJU', ''),
(47, '170404048', NULL, 'OLUWATOBI', 'SORINDE', ''),
(48, '170404049', NULL, 'JOSHUA', 'OGUNSAKIN', ''),
(49, '170404050', '$2y$10$sxbesMhrhEitfITQsm9ca.Ndf/zQgfSRnoX67yCZSms3aH0C4SZH.', 'MOTUNRAYO', 'OGEDENGBE', ''),
(50, '170404051', NULL, 'KABIR', 'AZEEZ', ''),
(51, '170404052', NULL, 'GBENGA', 'TOLULOPE', ''),
(52, '170404053', NULL, 'MUSILIU', 'AGBI', ''),
(53, '170404054', '$2y$10$t7o1jRujZ2mSTbs7tZ5l7.mzL6VKVBg8CJS5CuwJhpWpSb1tA1aJS', 'MICHAEL', 'OPASOLA', ''),
(54, '170404055', NULL, 'OLALEKAN', 'AJAYI', ''),
(55, '170404056', NULL, 'AYOMITOPE', 'KOLAWOLE', ''),
(56, '170404057', NULL, 'VICTOR', 'ODOGIYON', ''),
(57, '170404058', NULL, 'TIMILEYIN', 'ADEWUYI', ''),
(58, '170404059', NULL, 'KAYODE', 'EGBEOLA', ''),
(59, '170404060', NULL, 'EMMANUEL', 'MOYO-PETERS', ''),
(60, '170404061', NULL, 'ESTHER', 'OLAJIDE', ''),
(61, '170404062', NULL, 'OLUSOLA', 'AWODEYI', ''),
(62, '170404063', '$2y$10$8Zgb4YOAcBsQl.zjD94Zm.oNyGVBgVV/vaJYROHqxSanCtXZu0d9q', 'DANIEL', 'ALONGE', ''),
(63, '170404064', NULL, 'MIHAEL', 'AYESORO', ''),
(64, '170404065', '$2y$10$vfXwbtuHsBg2JMxJR1D7AOZ4bI2fQJi5ebd/b.4BLkK320PB9Cd96', 'VICTOR', 'OYELEYE', ''),
(65, '170404066', NULL, 'JOSIAH', 'ALO', ''),
(66, '170404067', NULL, 'YUSUF', 'ADESINA', ''),
(67, '170404068', NULL, 'STANLEY', 'AKINGBOLA', ''),
(68, '170404069', NULL, 'OYEWALE', 'OGUNFIDODO', ''),
(69, '170404070', NULL, 'DUNSIN', 'MONEBI', ''),
(70, '170404071', NULL, 'RANTI', 'OLATUNDE', ''),
(71, '170404072', NULL, 'MAYOWA', 'OLOGUN', ''),
(72, '170404073', NULL, 'OLUWAKEMI', 'AMUROKO', ''),
(73, '170404074', NULL, 'LAWRENCE', 'OYELEYE', ''),
(74, '170404075', NULL, 'GBENGA', 'OSUNTUYI', ''),
(75, '170404076', '$2y$10$cPxzmeYYEePSVeI/mCd.SuUGRkiKccUXRPrS6BrfBiaaf5L.iZ4iO', 'JOSHUA', 'AJAYI', ''),
(76, '170404077', NULL, 'SAMUEL', 'IWA-ENI', ''),
(77, '170404078', NULL, 'RAYMOND', 'OGUNDARE', ''),
(78, '170404079', NULL, 'ADEFAYOWOLE', 'EDEMA', ''),
(79, '170404080', NULL, 'JOY', 'JOSEPH', ''),
(80, '170404081', NULL, 'PRECIOUS', 'OLUMOFE', ''),
(81, '170404082', NULL, 'AYOBAMI', 'OWOSENI', ''),
(82, '170404083', NULL, 'TOBI', 'IWALOLA', ''),
(83, '170404084', NULL, 'EVELYN', 'OLUWASANMI', ''),
(84, '170404085', NULL, 'OLUWATOMISIN', 'FADAHUNSI', ''),
(85, '170404086', NULL, 'TOSIN', 'OMOSEKEJI', ''),
(86, '170404087', NULL, 'OLUBUNMI', 'OMOMOWO', ''),
(87, '170404088', NULL, 'LUKMAN', 'YUSUF', ''),
(88, '170404089', NULL, 'OLANKAN', 'ODEYEMI', ''),
(89, '170404090', NULL, 'ROTIMI', 'OLAJIDE', ''),
(90, '170404091', NULL, 'ODUNAYO', 'OBAGBEDE', ''),
(91, '170404092', NULL, 'OLATUNDE', 'KOYA', ''),
(92, '170404093', '$2y$10$Z4Wi5uGd/8fXlExtLCQBxeG5HlCsRvd/6UqohnY8MGdL5I9e75ZiS', 'NOHIM', 'SULAIMAN', ''),
(93, '170404094', NULL, 'OLANREWAJU', 'LOTO', ''),
(94, '170404095', NULL, 'TEMITOPE', 'OLANIYAN', ''),
(95, '170404096', NULL, 'ADEMOLA', 'OLOGUN', ''),
(96, '170404097', '$2y$10$ZX6QwAKj1Cv.rmZwEAZYSuyKTLCgh3LN68w.KF7ZfyVsG1pL6mZRW', 'STEPHEN', 'OLUWASUSI', ''),
(97, '170404098', NULL, 'DAMILOLA', 'AKINSOMIRO', ''),
(98, '170404099', NULL, 'TIMILEHIN', 'BABARINDE', ''),
(99, '170404100', NULL, 'JOSHUA', 'OLUWATOLA', ''),
(100, '170404101', '$2y$10$troRplo4mqT3isngDr7r.ed0REudA8TOYGsnZUN3occmBoAwq5.ZK', 'BOLUWATIFE', 'JEMIRADE', ''),
(101, '170404102', NULL, 'OLUWAFIKAYO', 'OLASUNKANMI', ''),
(102, '170404103', NULL, 'OLUWATOBILOBA', 'OYEBADE', ''),
(103, '170404104', NULL, 'IBRAHIM', 'OYEKANMI', ''),
(104, '170404105', NULL, 'TEMITOPE', 'OYEWOLE', ''),
(105, '170404106', NULL, 'ALEXANDER', 'AROWOJOLU', ''),
(106, '170404107', NULL, 'OLAWALE', 'BALOGUN', ''),
(107, '170404108', NULL, 'VICTOR', 'ADETULA', ''),
(108, '170404109', NULL, 'PETER', 'ADEBANJI', ''),
(109, '170404110', NULL, 'OLUWAFEMI', 'ADUBUOLA', ''),
(110, '170404111', NULL, 'OLAMIDE', 'USAEFAT', ''),
(111, '170404112', NULL, 'OLUWADAMILOLA', 'OLOFIN', ''),
(112, '170404113', NULL, 'GIDEON', 'EGUNJOBI', ''),
(113, '170404114', NULL, 'YUSUF', 'LUKMAN', ''),
(114, '170404115', NULL, 'DANIEL', 'ADESOJI', ''),
(115, '170404116', NULL, 'AJIMOLA', 'AFOLABI', ''),
(116, '170404117', NULL, 'ADEBAYO', 'AYEDEBINU', ''),
(117, '170404118', NULL, 'GBOLAHAN', 'AMOO', ''),
(118, '170404119', NULL, 'SAMUEL', 'FAWEHINMI', ''),
(119, '170404120', NULL, 'TIMILEHIN', 'AJAKAIYE', ''),
(120, '170404121', NULL, 'FESTUS', 'JEGEDE', ''),
(121, '170404122', NULL, 'DAVID', 'AYODELE', ''),
(122, '170404123', NULL, 'KAZEEM', 'AREAGO', ''),
(123, '170404124', NULL, 'MICHEAL', 'OLORUNTOBI', ''),
(124, '170404125', NULL, 'GLORY', 'ADENIRAN', ''),
(125, '170404126', NULL, 'VICTOR', 'OGUIGBO', ''),
(126, '170404127', NULL, 'OMOLOLU', 'YASERE', ''),
(127, '170404128', NULL, 'OPEYEMI', 'AKINBUWADE', ''),
(128, '170404129', NULL, 'CHARLES', 'ERINOMO', ''),
(129, '170404130', NULL, 'MARVELOUS', 'ADETIMEHIN', ''),
(130, '170404131', NULL, 'OLAKUNLE', 'AKINTEWE', ''),
(131, '170404132', NULL, 'EMMANUEL', 'IDEHEN', ''),
(132, '170404133', NULL, 'RAYMOND', 'ORIRE', ''),
(133, '170404134', NULL, 'MUSTAPHA', 'JIMOH', ''),
(134, '170404135', NULL, 'TOLULOPE', 'OMONIYI', ''),
(135, '170404136', NULL, 'VICTOR', 'OGUNNIKA', ''),
(136, '170404137', '$2y$10$o8QMDEncy4yglBOSyj6MuOIr8RiZiGOiVupRcDOMsEd8Lb.7U7v6G', 'KENNETH', 'OBI', ''),
(137, '170404138', NULL, 'AYODEJI', 'ADETUNJI', ''),
(138, '170404139', NULL, 'EXPERIENCE', 'JIGHIMOH', ''),
(139, '170404140', NULL, 'JOSHUA', 'JOHN', ''),
(140, '170404141', NULL, 'FELIX', 'ILEOLA-GOLD', ''),
(141, '170404142', NULL, 'OLAWALE', 'OGUNDARE', ''),
(142, '170404143', NULL, 'DANIEL', 'ONOBRARA', ''),
(143, '170404144', NULL, 'FAITH', 'ADE', ''),
(144, '170404145', NULL, 'AKINTOMIWA', 'OGUNSAKIN', ''),
(145, '170404146', NULL, 'BANKOLE', 'OLORUNFEMI', ''),
(146, '170404147', NULL, 'ODUNAYO', 'ROTIBA', ''),
(147, '170404148', NULL, 'DEBORAH', 'USMAN', ''),
(148, '170404149', NULL, 'RASHEED', 'ADELEKE', ''),
(149, '170404150', NULL, 'ABIODUN', 'AKINMUYISITAN', ''),
(150, '170404151', NULL, 'OLORUNTOBA', 'OLAPADE', ''),
(151, '170404152', NULL, 'JOSEPH', 'OLADEINDE', ''),
(152, '170404153', NULL, 'DAVID', 'AYINDE', ''),
(153, '170404154', NULL, 'KING', 'EBIWANNO', ''),
(154, '170404155', NULL, 'ODUNAYO', 'JOSEPH', ''),
(155, '170404156', NULL, 'Oluwasegun', 'ADEWUNMI', ''),
(156, '170404157', NULL, 'VICTOR', 'IDOWU', ''),
(157, '170404158', NULL, 'Oluwatoyin', 'Olorunfunmi', ''),
(158, '170404159', NULL, 'Kunle', 'Bamigboye', ''),
(159, '170404160', NULL, 'Blessing', 'Arowomole', ''),
(160, '180404001', '$2y$10$Pzje4FymITj9rbHd4qxt8eIf0JKj7CXOeHL6WoapvLFDefgnHKDOy', 'Peace', 'Ajayi', ''),
(161, '180404002', NULL, 'Olalekan', 'Onisile', ''),
(162, '180404003', NULL, 'Olumide', 'Obideyi', ''),
(163, '180404004', NULL, 'Deborah', 'Akinola', ''),
(164, '180404005', NULL, 'Joseph', 'Adelola', ''),
(165, '180404006', NULL, 'Wilson', 'Ologun', ''),
(166, '180404007', NULL, 'Nicholas', 'Foley', ''),
(167, '180404008', NULL, 'David', 'Akindele', ''),
(168, '180404009', '$2y$10$fVixzOEM4oITjDmhTMad8eDKiCaBdTbdEbNzb1t8HgRLfdros40um', 'Racheal', 'Oyediran', ''),
(169, '180404010', NULL, 'Abiola', 'Folayemi', ''),
(170, '180404011', NULL, 'Joy', 'Adeniyi', ''),
(171, '180404012', NULL, 'Isaac', 'Adebayo', ''),
(172, '180404013', NULL, 'Sherif', 'Ali', ''),
(173, '180404014', NULL, 'Sunday', 'Adegbite', ''),
(174, '180404015', NULL, 'Mathew', 'Egunjobi', ''),
(175, '180404016', NULL, 'Johnson', 'Ogunsemore', ''),
(176, '180404017', NULL, 'Okikiola', 'Bamidele', ''),
(177, '180404018', NULL, 'Damilola', 'Asagunla', ''),
(178, '180404019', NULL, 'Precious', 'Adewumi', ''),
(179, '180404020', NULL, 'Oluwadamilare', 'Obanla', ''),
(180, '180404021', NULL, 'Kemisola', 'Ogedengbe', ''),
(181, '180404022', '$2y$10$fg1zRyhTNY6qJ2rC5rVAXeCPQlh8VgIOyJRnZvUprl1AVwZ2V0.XK', 'Franklin', 'Chukwuyem', ''),
(182, '180404023', NULL, 'Oluwabusayomi', 'Ifedayo', ''),
(183, '180404024', NULL, 'Ayomide', 'Abiodun', ''),
(184, '180404025', NULL, 'Emmanuel', 'Ajayi', ''),
(185, '180404026', NULL, 'Ayomide', 'Balogun', ''),
(186, '180404027', NULL, 'Oluwatobi', 'Anthony', ''),
(187, '180404028', NULL, 'Michael', 'Olajide', ''),
(188, '180404029', NULL, 'Michael', 'Adealabi', ''),
(189, '180404030', NULL, 'Bosede', 'Banjoko', ''),
(190, '180404031', NULL, 'Faith', 'Daniyan', ''),
(191, '180404032', NULL, 'Oladotun', 'Adesina', ''),
(192, '180404033', NULL, 'Oluwatunmise', 'Akinnaanu', ''),
(193, '180404034', NULL, 'Emmanuel', 'Ojo', ''),
(194, '180404035', NULL, 'Emmanuel', 'Adetiba', ''),
(195, '180404036', NULL, 'Opeyemi', 'Arowolo', ''),
(196, '180404037', NULL, 'Ilemobayo', 'Ismail', ''),
(197, '180404038', '$2y$10$5u0MQnTu3FFrJtvvb63PeOdNb3Y1mOFyCwIKDjXP7ePeUdWpN4EMO', 'Oluwatobiloba', 'Emmanuel', ''),
(198, '180404039', NULL, 'Stephen', 'Akinlonu', ''),
(199, '180404040', '$2y$10$Qn7d9xpf37Q0gwVMp66I/uYCRm253V3PjFq.6ay38d.t2UCXZ9cuG', 'Bamidele', 'Marcus', ''),
(200, '180404041', '$2y$10$LL.pwcUvAQCIARwPPM8LmeG9cqYVfG9zZ.nhsO1Z191zJaNKP4Tne', 'Victor', 'Sule', ''),
(201, '180404042', NULL, 'Folusho', 'Adeyemi', ''),
(202, '180404043', NULL, 'Victor', 'Ajakaye', ''),
(203, '180404044', '$2y$10$9wvTrgBudMbvf5Hs2b4VKO2mPBhiyc.TEt7sETpUIxM1GdJp0avni', 'Enoch', 'Olayode', ''),
(204, '180404045', NULL, 'Anthony', 'Adenika', ''),
(205, '180404046', NULL, 'Gbenga', 'Ogunmakin', ''),
(206, '180404047', '$2y$10$FO1gePZspRQkJIK.6oSQauhFsqPcwkG8wJAvL02VN54LqSyH1Iajq', 'oluwatobi', 'Hassan', ''),
(207, '180404048', NULL, 'Favour', 'Oyinsuyi', ''),
(208, '180404049', NULL, 'Riliwan', 'Yinuza', ''),
(209, '180404050', NULL, 'Ayodeji', 'Shittu', ''),
(210, '180404051', NULL, 'Inioluwa', 'Bayo-Awe', ''),
(211, '180404052', NULL, 'Shadrach', 'Olofe', ''),
(212, '180404053', NULL, 'Ayomide', 'Awojulu', ''),
(213, '180404054', NULL, 'Damilola', 'Oyinlade', ''),
(214, '180404055', NULL, 'Earnest', 'Erue', ''),
(215, '180404056', NULL, 'Adedamola', 'Adeboro', ''),
(216, '180404057', NULL, 'Damilola', 'Ajayi', ''),
(217, '180404058', NULL, 'Vincent', 'Oladoyinbo', ''),
(218, '180404059', NULL, 'Tope', 'Akintola', ''),
(219, '180404060', NULL, 'Tolulope', 'Oluwole', ''),
(220, '180404061', NULL, 'Olalekan', 'Kareem', ''),
(221, '180404062', '$2y$10$OU.FQUyS0g6GTUw.GKX0reAidVnbU.CipVNbMQpGSuAIifUxtgZNO', 'Ezekiel', 'Abolade', ''),
(222, '180404063', NULL, 'Isaac', 'Pelemo', ''),
(223, '180404064', NULL, 'Oluwafemi', 'Ale', ''),
(224, '180404065', NULL, 'Ayorinde', 'Omomowo', ''),
(225, '180404066', NULL, 'Ojo', 'Oloruntoba', ''),
(226, '180404067', NULL, 'Pillar', 'Ipinlaye', ''),
(227, '180404068', NULL, 'Victor', 'Ojo', ''),
(228, '180404069', NULL, 'Blessing', 'Ijetemi', ''),
(229, '180404070', NULL, 'Tunmise', 'Akinola', ''),
(230, '180404071', NULL, 'Ayodeji', 'Akinyemi', ''),
(231, '180404072', NULL, 'Francis', 'Onigiobi', ''),
(232, '180404073', NULL, 'David', 'Durotoye', ''),
(233, '180404074', '$2y$10$5p9nG1Fn58fChbq13wVPeOspRSQOW/V/u1YdvdNS.j3BauUcqKMZa', 'Emmanuel', 'Kareem', ''),
(234, '180404075', '$2y$10$fWRepU/gEPSbwwztJfQvFOfzlT.9RIEI2t37jkGryIVc.1OO26YLe', 'Sijuola', 'Akinroyeje', ''),
(235, '180404076', NULL, 'Miracle', 'Mohammed', ''),
(236, '180404077', NULL, 'Hope', 'Ayodele', ''),
(237, '180404078', NULL, 'Kingdavid', 'Babalola', ''),
(238, '180404079', '$2y$10$aDeV6CfPvVfY613YGKmaW.3PIduRUgPQAUW8TESC1N7tBnXZcLk1W', 'Mololuwa', 'Adefarati', ''),
(239, '180404080', NULL, 'Victor', 'Emmanuel', ''),
(240, '180404081', NULL, 'Dayo', 'Fatorise', ''),
(241, '180404082', '$2y$10$ItopKrnef/8NUuA/G0w8COCPpU9cGLoFIqyCxOSoMhD5ZmiiaHHGW', 'Praise', 'Ilemobayo', ''),
(242, '180404083', '$2y$10$mXVoR.aQUbtUNOiDSPAUOOd5d22BBpZP2/4Rgvr45N7bbDD3VaYI6', 'Precious', 'Chima', ''),
(243, '180404084', '$2y$10$mTkKIwdPOiZHJHD7KINTxOippUyVW1YfGWw6nYZUOcK5gDOMGm0RS', 'Oluwatimilehin', 'Akinyemi', ''),
(244, '180404085', '$2y$10$Zo2wiagaAG6.OFVw8Wir/.yU3e23p/pz79M4P/fcRErZmdCXK0H.m', 'Faith', 'Ogunode', ''),
(245, '180404086', NULL, 'Emmanuel', 'Ayeomoni', ''),
(246, '180404087', NULL, 'Samson', 'Seidu', ''),
(247, '180404088', NULL, 'Olalekan', 'Olorunyomi', ''),
(248, '180404089', NULL, 'Paul,', 'Olaluwoye,', ''),
(249, '180404090', NULL, 'Fernades', 'Famutimi', ''),
(250, '180404091', NULL, 'Damilare', 'Aroloye', ''),
(251, '180404092', NULL, 'Kayode', 'Rotimi', ''),
(252, '180404093', NULL, 'Bukola', 'Akinte', ''),
(253, '180404094', NULL, 'Temitope', 'Idowu', ''),
(254, '180404095', NULL, 'Kayode', 'Akinsola', ''),
(255, '180404096', NULL, 'Babajide', 'Daramola', ''),
(256, '180404097', NULL, 'Kehinde', 'Ogundipe', ''),
(257, '180404098', NULL, 'Shola', 'Allen', ''),
(258, '180404099', NULL, 'Omogoriola', 'Babatunde', ''),
(259, '180404100', NULL, 'Olawale', 'Ajibola', ''),
(260, '180404101', NULL, 'Vincent', 'Patrick', ''),
(261, '180404102', NULL, 'Michael', 'Omoniyi', ''),
(262, '180404103', '$2y$10$4uIvKz7r2TaA9hMN1tnvGeU35qqsa54AwfitY.fJqKCM3/KiqSL9u', 'Amos', 'Olalere', ''),
(263, '180404104', NULL, 'Oluwadamilola', 'Ayelabowo', ''),
(264, '180404105', NULL, 'Micheal', 'Olarinde', ''),
(265, '180404106', NULL, 'Olalekan', 'Abiodun', ''),
(266, '180404107', NULL, 'Emmanuel', 'Olowu', ''),
(267, '180404108', NULL, 'Samuel', 'Oyedeji', ''),
(268, '180404109', NULL, 'Greatness', 'Adegunloye', ''),
(269, '180404110', NULL, 'Taiwo', 'Ogunsola', ''),
(270, '180404111', '$2y$10$oJgL89/5iujTasnWIvCByuHl3YwLNjFRdg.ShJXkbaMPHK0Q4sNnS', 'Oluwagbohunmi', 'Iji', ''),
(271, '180404112', NULL, 'Olajide', 'Egbuwalo', ''),
(272, '180404113', NULL, 'Benjamin', 'Akinade', ''),
(273, '180404114', NULL, 'Ramota', 'Adams', ''),
(274, '180404115', '$2y$10$VBHL3VdaNi5WgEb5c7fUJOz4gNTDLH.lprL1zEIgiPBqx2vGr9zfS', 'Kolawole', 'Meduoye', ''),
(275, '180404116', NULL, 'Israel', 'Brown', ''),
(276, '180404117', '$2y$10$b.JYQBRrQY3o59NYVHfqDuIGsAyVgq/.wf9qVEVbcs7n519eAwPlq', 'Tosin', 'Ologun', ''),
(277, '180404118', NULL, 'Damilola', 'Bamisile', ''),
(278, '180404119', NULL, 'Tayelolu', 'Akinboboye', ''),
(279, '180404120', NULL, 'Olamide', 'Obawole', ''),
(280, '180404121', NULL, 'Ayodeji', 'Balogun', ''),
(281, '180404122', NULL, 'Damilola', 'Adeyemi', ''),
(282, '180404123', NULL, 'Bukola', 'John', ''),
(283, '180404124', NULL, 'Semiu', 'Salami', ''),
(284, '180404125', NULL, 'Mutiu', 'Abisoye', ''),
(285, '180404126', NULL, 'Idowu', 'Oyewole', ''),
(286, '180404127', NULL, 'Emmanuel', 'Daniel', ''),
(287, '180404128', NULL, 'Funpere', 'Ebieritei', ''),
(288, '180404129', NULL, 'Opeyemi', 'Adebinu', ''),
(289, '180404130', '$2y$10$n3bx4Erf2GTjDmq2CNSU9O8pNWPJ1nQBWOlFhYaPJRbZ8yeKopF.i', 'Samuel', 'Seyi-Adanri', ''),
(290, '180404131', NULL, 'John', 'Olajide', ''),
(291, '180404132', NULL, 'Adeola', 'Opasola', ''),
(292, '180404133', NULL, 'Omotayo', 'Omosebi', ''),
(293, '180404134', NULL, 'Oluwafemi', 'EDUNDOKUN', ''),
(294, '190404001', '$2y$10$5a85Jtrq4cH/TYfF73Ts/u3Kk01O1FSONFIKv5pLpDLSeKNXYmDyC', 'Oluwatimilehin', 'Adegbehingbe', ''),
(295, '190404002', NULL, 'Oreoluwa', 'Aboluwade', ''),
(296, '190404003', NULL, 'Nazeem', 'Apalowo', ''),
(297, '190404004', '$2y$10$nx0WVqpBw4cHtGnAsWPXDuHb584Z7E92JRie1qgXOwLO2rzuaQRXu', 'Precious', 'Owoyemi', ''),
(298, '190404005', NULL, 'Hassan', 'Yunusa', ''),
(299, '190404006', '$2y$10$pXfofyg3LpUVgPK4Jdfnt.dA2JrlMqMhcEzQeeHG1NK3QDw5M1Nna', 'Oluwaseun', 'Egbewande', ''),
(300, '190404007', '$2y$10$BfvHXcaY8FYf7qRjsNFDpO14VWAIRDxvXbL2.JpxBdudJmdKyvwKO', 'Abdul-Lateef', 'Oladele', ''),
(301, '190404008', '$2y$10$Blz6ckRXO.dnVlWWxsxPF.FbO3F4Eg4q3nXyRcJhxoV.enXnZjJJC', 'Adedayo', 'Adegbola', ''),
(302, '190404009', '$2y$10$S3uM..ASMZiaE0/Sy25m5.HymxkQv9418RJJtrpU/GfyDHt8odGg2', 'Vera', 'Chineke', ''),
(303, '190404010', '$2y$10$u6svTcdJoyt0oErSCm2rc.qA5v4bGAAG5tJOwaPVsHVr/tXc2ul5K', 'Ayomikun', 'Busari', ''),
(304, '190404011', NULL, 'Victor', 'Olubunmi', ''),
(305, '190404012', NULL, 'Rasheed', 'Busari', ''),
(306, '190404013', '$2y$10$ogbeAbU1nLzLjvFpLd.yUerwucFAAfFCkXMGUBVuufybWjryiuy3u', 'Miracle', 'Oso', ''),
(307, '190404014', NULL, 'Ayomide', 'Adekunle', ''),
(308, '190404015', '$2y$10$zCQJex8w/hYLy/jf9amJ2.3/pBDlAhDnj3VdQEURfdKqOjqypTA0m', 'Charles', 'Ajisola', ''),
(309, '190404016', NULL, 'Oluwole', 'Ijitona', ''),
(310, '190404017', NULL, 'Samuel', 'Olorunfemi', ''),
(311, '190404018', '$2y$10$U/voeIvABjSXdWnxaozPvOU0evcfTfX7/aH3vd1z4/bWywn2Nz.u6', 'Benjamin', 'Aminu', ''),
(312, '190404019', NULL, 'Iteoluwakiisi', 'Akinwande', ''),
(313, '190404020', '$2y$10$8BK8BFmx2eUqXGjvK4K1/uOmcN.Bd7TSBYkBivxUNDneFOcZrb9Li', 'Paul', 'Kolawole', ''),
(314, '190404021', '$2y$10$lCdzz40RjsKPK.MnadvgluqpWwgrVC7fuSlKPEiMwzSkp87dTTDau', 'Isaiah', 'Ijiwade', ''),
(315, '190404022', NULL, 'Segun', 'Omolegan', ''),
(316, '190404023', '$2y$10$19M7pgkWrA0CwLbwsNBfS.iG.Lk1YrGK1YtB/i/MLw.RXga95ndZG', 'Emmanuel', 'Akeredolu-Ale', ''),
(317, '190404024', NULL, 'Adedotun', 'Adeyeye', ''),
(318, '190404025', NULL, 'Ifeoluwa', 'Aro', ''),
(319, '190404026', NULL, 'Olawale', 'Oludare', ''),
(320, '190404027', NULL, 'Adekunle', 'Adebiyi', ''),
(321, '190404028', '$2y$10$AUX0u3M7.B2igyKH/3FanORaJ74VgH3BchmyzS4q3KihHP6s3TybK', 'Tofunmi', 'Gbakinro', ''),
(322, '190404029', '$2y$10$M4ix8CU.k.372iQd3GJvy.nK/nzCCuDKw1ouRzpsBQDZklhdsw2aK', 'Ademola', 'Aregbesola', ''),
(323, '190404030', '$2y$10$ywcE7cxqex7aXTHreahgR.wBTGUx8JBtPsYl44gqO7Gh85uQSfHSK', 'Joy', 'Fafure', ''),
(324, '190404031', NULL, 'Emmanuel', 'Omotobora', ''),
(325, '190404032', '$2y$10$9u7drWHj1RdDQwZwhdds/uMubjFArcpv/NNt5cHIFGfSfSxoqx6B6', 'Samuel', 'Jegede', ''),
(326, '190404033', '$2y$10$Ehfr60tNzahc2Q2RGoJqp.lFZvjYalemlUej9zEqKcKnqJsjI9j0a', 'Eniola', 'Boluwaji', ''),
(327, '190404034', '$2y$10$MchFO/2zFz/4J8P2vMBXd.s0xejJED9DurnSmv7Sj8t57cxMOebay', 'Emmanuel', 'Johnson', ''),
(328, '190404035', '$2y$10$exRF08PZFGnV8nTnjTel9e7f7TS8aWYhRWO7O5BFEVs6Vn7BGZAQC', 'Francis', 'Akinola', ''),
(329, '190404036', '$2y$10$THx/mc7KEp0j7V3RaNr/qeNJbfDvSUXijYSrWrYebb.7pf5L0A11K', 'Prince', 'Kingsley', ''),
(330, '190404037', '$2y$10$MvvfyJN85jGt.cxVaNwfIuOoMqNq/VRPOgjQclWZmw2DCbK3.c48q', 'Oluwaseun', 'Omosulu', ''),
(331, '190404038', NULL, 'AYODEJI', 'AKINKOYE', ''),
(332, '190404039', NULL, 'Isaac', 'Afolabi', ''),
(333, '190404040', NULL, 'Ayomiposi', 'Balogun', ''),
(334, '190404041', '$2y$10$DTYwCs.wH8UL0qWQvDOHgOz6TXi3Pi8..KokOOg8FOenxfKo8gBB6', 'Temidayo', 'Adesoji', ''),
(335, '190404042', '$2y$10$L5JYFoXMWj78ij3DVF3hDu9L8ndEqfQzliwLva5/Fhz.yKuwojeGC', 'Praise', 'Balogun', ''),
(336, '190404043', NULL, 'Gbolahan', 'Madehin', ''),
(337, '190404044', NULL, 'Olaleye', 'Daramola', ''),
(338, '190404045', '$2y$10$QGJP8iK/HmfYvFXTmSMc7eKNF2/2aeb1x0W1NlLSeyt3ldXP3GOfq', 'Ayobami', 'Bankole', ''),
(339, '190404046', NULL, 'Opeyemi', 'Oluwarinde', ''),
(340, '190404047', NULL, 'ABDULROHEEM', 'FOLORUNSO', ''),
(341, '190404048', NULL, 'Precious', 'Adebayo', ''),
(342, '190404049', '$2y$10$tnWy33zQK/9cblS4PVbHg./.U8sMIwcS0sVm4PMpffucd8oBZ9snq', 'ABDULSALAM', 'USMAN', ''),
(343, '190404050', '$2y$10$UcaZEUV8zV8WZHnwqZrJdO92Q6QYVeRY9QUf.llLjo9rgWjH8i0Q.', 'Oluwaseun', 'Ayegbusi', ''),
(344, '190404051', '$2y$10$r1BL2yQuIxNBF/r3cr7cye7KPMpPq6nX2L4SgEdTSPlLCpGxVvCT.', 'Anuoluwapo', 'Adeseye', ''),
(345, '190404052', '$2y$10$B0/pt780VrNDK/mOfDZubuUh.DRiNzByZAd1ihK8lRxzBnbcD73si', 'Oluwasegun', 'Olatunji', ''),
(346, '190404053', NULL, 'Ayomide', 'Olufade', ''),
(347, '190404054', NULL, 'Oluwatobi', 'Ifedayo', ''),
(348, '190404055', '$2y$10$J7BlvpLoWlwv90WwxKcNlOdW3k8witYwo6T/jbEtQyhmn/NXJSZMG', 'Peter', 'Okiti', ''),
(349, '190404056', '$2y$10$iRtvlAkmIT1GqNgu4eZ7ieoGA7WbM4sbfUsK2NNK0P0rm6qWfPC3y', 'Matthew', 'Adeniyi', ''),
(350, '190404057', NULL, 'Timilehin', 'Babalola', ''),
(351, '190404058', NULL, 'Oluwaseun', 'Kukoyi', ''),
(352, '190404059', '$2y$10$plBX8zBy1hvwsdRcfEvgLe1qV5bAzwwF5FQkA/3cDa/AsO1dojrai', 'Taofeeq', 'Borode', ''),
(353, '190404060', NULL, 'Ayomide', 'Kelly', ''),
(354, '190404061', NULL, 'Samson', 'Oke', ''),
(355, '190404062', '$2y$10$qkOTajsQqnk3laikdjhF3OX3oebrcoZigAoOIIBKJj14v9jzAPHZ.', 'Blessing', 'Sanni', ''),
(356, '190404063', '$2y$10$TShT/sR9OGu1JcaSt//Knup0UEajEq96hIpudnl5Aw87hrbCLVDJ6', 'David', 'Ipiteigha', ''),
(357, '190404064', NULL, 'Stephen', 'Olatunji', ''),
(358, '190404065', '$2y$10$8ZXkO9gvqJXinIXdYw5EPutrVuOX/J7Q25fWWX2xxiCm9MAUE2rSy', 'Abdulrouf', 'Bello', ''),
(359, '190404066', NULL, 'Peter', 'Fadare', ''),
(360, '190404067', NULL, 'KABIRAT', 'AKINYEMI', ''),
(361, '190404068', NULL, 'David', 'Tewogboye', ''),
(362, '190404069', NULL, 'Favour', 'Adebiyi', ''),
(363, '190404070', NULL, 'Wisdom', 'Asotibe', ''),
(364, '190404071', NULL, 'Clinton', 'Olatunde', ''),
(365, '190404072', '$2y$10$mXv//O5546y040LOKEsxIOHdDYaR/gG7IUGYUvlQ5b/Jd9whs67Gi', 'Tobi', 'Adejoro', ''),
(366, '190404073', '$2y$10$gR.E66xAxx3M7XqrwpV4TOSWmtysJ2yFJ2a4nXc5wfnrmvqtVC7/S', 'Afeez', 'Akadri', ''),
(367, '190404074', NULL, 'Rofiat', 'Badmus', ''),
(368, '190404075', '$2y$10$LI54j6ayabSulyo2zJ1T7uH5/454/85h9ksYfbtRfn7rtkw91B1ui', 'Damilola', 'Adesida', ''),
(369, '190404076', '$2y$10$FXOHGmtJwiglPd9qJmH4legmiaH61KOups8ooO9Onpt5U.cnv93dK', 'Omoudu', 'Ologbon', ''),
(370, '190404077', NULL, 'Boluwatife', 'Olatoye', ''),
(371, '190404078', NULL, 'Adedamola', 'Adeleke', ''),
(372, '190404079', '$2y$10$OrpHPzmwf0bzGGTxrCtJY.BkHgSd00f/GZiyH.6Fx2gPOkpL5fBZm', 'Victor', 'Aduloju', ''),
(373, '190404080', NULL, 'Jeffrey', 'Ohwo', ''),
(374, '190404081', '$2y$10$gvQ9oNaAEEkw3lLuGTNbbuYwy0VOHZjd7glo5WDKBYpbxp/ZLf7p6', 'Goodness', 'Oyedele', ''),
(375, '190404082', '$2y$10$zCn9whTSsL//x.ibFkxGSemOrE74Mg4jV18scJzN3yj2NVUc3S9HO', 'Courage', 'Akubia', ''),
(376, '190404083', '$2y$10$uow6cEMxzo0mfuGL7Rm4dOdeJYH0af6K0XmHqXeeO.loKUYhLvmc6', 'Grace', 'Adegunle', ''),
(377, '190404084', NULL, 'Eunice', 'Folasade', ''),
(378, '190404085', '$2y$10$9T/FA27FtYfT0tC8v5zVCeXNvNXb8O2gqwpyKSTyZWmKLRmuDFfIC', 'Damilola', 'Folorunso', ''),
(379, '190404086', NULL, 'Tosin', 'Oguntoye', ''),
(380, '190404087', NULL, 'Fahad', 'Ahmad', ''),
(381, '190404088', '$2y$10$KwCeKXa.Nxeg.D9cTRGrBOK4Jntaus15qZd/8L4rvvVZOMVKEm4Xu', 'Damilola', 'Shokoya', ''),
(382, '190404089', '$2y$10$DxCMwYsd9EHdqFhH2/0fnu0I1xXDySicw7lXuX22To7XZA4PHCqO6', 'Favour', 'Tony-Akinlosotu', ''),
(383, '190404090', '$2y$10$04EbxirVQpNFv0C6CGc2TeD7TSDb/RmdRgfuNx9hrGTPmJuQSqml.', 'Thankgod', 'Aladetan', ''),
(384, '190404091', NULL, 'Ayodeji', 'Jongbo-Ibereola', ''),
(385, '190404092', '$2y$10$nSEqGuOMrgiBVsHD3kh2IOtIyI58sW8sQbw/3Uqx8wwoa4O.5BpFC', 'Akinfolarin', 'Balogun', ''),
(386, '190404093', NULL, 'Ayomide', 'Bamisile', ''),
(387, '190404094', NULL, 'Oluwasegun', 'Adeoye', ''),
(388, '190404095', NULL, 'Mobolaji', 'Olabiyi', ''),
(389, '190404096', '$2y$10$1BuFwyCZrNKccUUPnNDe0eG2RoXjpH6jMI4Cndp06Wn5IJeSNJTzq', 'Olanrewaju', 'Araomo', ''),
(390, '190404097', NULL, 'Damilola', 'Adebiyi', ''),
(391, '190404098', NULL, 'Ayobami', 'Olabisi', ''),
(392, '190404099', '$2y$10$rCeOH8JPZamPgi0XBqPyTuZEbiGPY9BIKcIbnNsJKEvi6u8jKwq4G', 'Oluwaseun', 'Adebayo', ''),
(393, '190404100', '$2y$10$asrBTfHxRGa5kZvknbHb2OWMFw2IKAuSQM0JJ92DVtwjllBAoIrhK', 'Emmanuel', 'Adeniyi', ''),
(394, '190404101', NULL, 'Oluwatosin', 'Kolawole', ''),
(395, '190404102', '$2y$10$JYUF1c7Nex5JAMdcAVtXUuDewniOPeDjf8M503NKeTbHe4/vr749q', 'Oluwatamilore', 'Oladejo', ''),
(396, '190404103', NULL, 'Akinjide', 'Ayodele', ''),
(397, '190404104', '$2y$10$t3lK87oP83me/xD7IJqvou.T5rAX6j0AdDpQ95XwNt8JSkDwKOdIO', 'Olabode', 'Ajila', ''),
(398, '190404105', NULL, 'Damilola', 'Fatunwase', ''),
(399, '190404106', NULL, 'Oluwatosin', 'Fawole', ''),
(400, '190404107', NULL, 'Olajide', 'Obe', ''),
(401, '190404108', NULL, 'Feranmi', 'Akingbola', ''),
(402, '190404109', '$2y$10$ZWXI0D/V7FIWXcMUvQpIc.cCcTtXy7Y2N1gMJoMJsVjGaZZwn3QrG', 'Boluwatife', 'Olusi', ''),
(403, '190404110', NULL, 'Micheal', 'Obasi', ''),
(404, '190404111', NULL, 'James', 'Adebayo', ''),
(405, '190404112', '$2y$10$qY0k3DiWfPHLMCEPUgDVAOId1xJM38OGrhyHBhL7EzX3gMHTXQV7y', 'Isaac', 'Akinwamide', ''),
(406, '190404113', '$2y$10$CyqRlrZzMB/jf5zngvbY7.4QgE0rc4DvTitj3hr5ZyG3S.mfaO9oK', 'Olalekan', 'Akingboyegbe', ''),
(407, '190404114', NULL, 'Ephesians', 'Aina', ''),
(408, '190404115', NULL, 'Kayode', 'Olufowobi', ''),
(409, '190404116', NULL, 'Alaba', 'Ologundudu', ''),
(410, '190404117', NULL, 'Olabambo', 'Daniel', ''),
(411, '190404118', '$2y$10$8u8X37/4EZg4mVkCmjLxYeaL36Aqsgc85t2jaJOtkPHfd521UtYgi', 'Adetola', 'Agunloye', ''),
(412, '190404119', '$2y$10$tLOD32W/WIiD1WCJKf5RJugFkoTDQ9HT4M.ucInkdDYTihO7pKrk2', 'Akolade', 'Oladimeji', ''),
(413, '190404120', NULL, 'Gideon', 'Adodo', ''),
(414, '190404121', NULL, 'Olamilekan', 'Adams', ''),
(415, '190404122', NULL, 'Precious', 'Adewumi', ''),
(416, '190404123', NULL, 'Abayomi', 'Abiodun', ''),
(417, '190404124', '$2y$10$8Q8u3ms2xxbReTM9biuHherF.DX.WhxpzuiRN5nzEB2aW.oS8rsLG', 'Michael', 'Akinwamide', ''),
(418, '190404126', NULL, 'Vincent', 'Oloruntoba', ''),
(419, '190404127', NULL, 'Damilola', 'Omosehin', ''),
(420, '190404128', '$2y$10$HMJKcku6tuHgezi9np3hqusP1G/QRfp.vg6FVID03ZuI.XuiGW1g6', 'Olanike', 'Adanye', ''),
(421, '190404129', NULL, 'Oluwasegun', 'Oladimeji', ''),
(422, '190404130', NULL, 'Samuel', 'Obajide', ''),
(423, '190404131', NULL, 'Oluwaseun', 'Abayomi', ''),
(424, '190404132', NULL, 'Bukunmi', 'Adeyeri', ''),
(425, '190404133', '$2y$10$.zLyhuhK4hVlopJcwSCSgONeD7FIgz4vTMudZvJS8mI5gKOdFvTpu', 'Timilehin', 'Kayode', ''),
(426, '190404134', '$2y$10$Z0blh9Ca.pMoy0JyXvmqPOQcBNwYgvWIkQMfwATTO2/gPhOODcJSm', 'Bekewei', 'Robert', ''),
(427, '190404135', NULL, 'Oluwatosin', 'Oyesuntimi', ''),
(428, '190404136', NULL, 'Peter', 'Ibukun', ''),
(429, '190404137', NULL, 'Ibukun', 'Adekanmbi', ''),
(430, '190404138', '$2y$10$MC7W.7YAfu1E0PYBpVj.G.M1Qa2BgZQ72lVhRIUcFe/aDIcup/CMG', 'VICTOR', 'Soderu', ''),
(431, '190404139', NULL, 'Abeeb', 'Raji', ''),
(432, '97085609CJ', '$2y$10$MSDQHjsOEB5clTHVmfr4F.7IEo63LFhjsXmkC4SzvUBC9e75FB3wO', 'Okikiola', 'Adejimi', ''),
(433, '200404111', '$2y$10$CmAfKKInv/PSIX0B9M/sCuupcjyuWciuQH7THTFkXAO/dVAkl/daa', 'Oyeshina', 'Oyebola', ''),
(434, '29704104BA', '$2y$10$dytydSCynwxtbEypgHHTQ.TQ2m87wKHImvvpRHfqRNipvtYFh8rT.', 'Efe', 'Ideho', ''),
(435, '200404076', '$2y$10$QNBc3ouQDK9V6wII51BBF.tGjQtUF5EoreZZHy041tfKFU.k69EX.', 'Ibrahim', 'Lola', ''),
(436, '200404087', '$2y$10$cqbO2mfpM8I5hNwk7jK5HOkTLDe0SykkLfv2dn05J/RHKdEvkz8Iq', 'Olatunji', 'Odeyemi', ''),
(437, '29716148CA', '$2y$10$5U4TqLDMsrepyU7dBUR7N.6ET.6rnLunBqKE8KWfhymdHjHEuqacu', 'Oluwatobilola', 'Ogunsanya', ''),
(438, '97049167DG', '$2y$10$gR.1ifW/AmpsrXIQ8XEFUe./FnqFEciw8Va3/L5z3BwzoNyR5xLAW', 'Ayomiposi', 'Obajide', '');

-- --------------------------------------------------------

--
-- Table structure for table `votes`
--

CREATE TABLE `votes` (
  `id` int(11) NOT NULL,
  `voters_id` int(11) NOT NULL,
  `candidate_id` int(11) NOT NULL,
  `position_id` int(11) NOT NULL
) ENGINE=InnoDB DEFAULT CHARSET=latin1;

--
-- Dumping data for table `votes`
--

INSERT INTO `votes` (`id`, `voters_id`, `candidate_id`, `position_id`) VALUES
(1, 92, 1, 1),
(2, 92, 2, 2),
(3, 92, 3, 3),
(4, 92, 5, 4),
(5, 92, 4, 5),
(6, 92, 9, 6),
(7, 92, 6, 7),
(8, 92, 7, 8),
(9, 92, 8, 9),
(10, 92, 10, 10),
(11, 92, 11, 11),
(12, 96, 1, 1),
(13, 96, 2, 2),
(14, 96, 3, 3),
(15, 96, 5, 4),
(16, 96, 4, 5),
(17, 96, 9, 6),
(18, 96, 6, 7),
(19, 96, 7, 8),
(20, 96, 8, 9),
(21, 96, 10, 10),
(22, 96, 11, 11),
(23, 297, 1, 1),
(24, 297, 2, 2),
(25, 297, 3, 3),
(26, 297, 5, 4),
(27, 297, 4, 5),
(28, 297, 9, 6),
(29, 297, 6, 7),
(30, 297, 7, 8),
(31, 297, 8, 9),
(32, 297, 10, 10),
(33, 297, 11, 11),
(34, 328, 1, 1),
(35, 328, 4, 5),
(36, 328, 9, 6),
(37, 328, 6, 7),
(38, 381, 1, 1),
(39, 381, 2, 2),
(40, 381, 3, 3),
(41, 381, 5, 4),
(42, 381, 4, 5),
(43, 381, 9, 6),
(44, 381, 6, 7),
(45, 381, 7, 8),
(46, 381, 8, 9),
(47, 381, 10, 10),
(48, 381, 11, 11),
(49, 411, 2, 2),
(50, 411, 3, 3),
(51, 411, 5, 4),
(52, 411, 4, 5),
(53, 411, 9, 6),
(54, 411, 6, 7),
(55, 411, 19, 8),
(56, 411, 20, 9),
(57, 411, 10, 10),
(58, 411, 11, 11),
(59, 365, 1, 1),
(60, 365, 2, 2),
(61, 365, 3, 3),
(62, 365, 15, 4),
(63, 365, 4, 5),
(64, 365, 9, 6),
(65, 365, 6, 7),
(66, 365, 19, 8),
(67, 365, 8, 9),
(68, 365, 10, 10),
(69, 365, 11, 11),
(70, 412, 1, 1),
(71, 412, 4, 5),
(72, 412, 9, 6),
(73, 412, 6, 7),
(74, 412, 7, 8),
(75, 412, 8, 9),
(76, 412, 10, 10),
(77, 412, 11, 11),
(78, 326, 1, 1),
(79, 326, 3, 3),
(80, 326, 4, 5),
(81, 326, 9, 6),
(82, 326, 6, 7),
(83, 326, 7, 8),
(84, 326, 8, 9),
(85, 326, 10, 10),
(86, 326, 11, 11),
(87, 356, 1, 1),
(88, 356, 2, 2),
(89, 356, 3, 3),
(90, 356, 5, 4),
(91, 356, 4, 5),
(92, 356, 9, 6),
(93, 356, 6, 7),
(94, 356, 7, 8),
(95, 356, 8, 9),
(96, 356, 10, 10),
(97, 356, 11, 11),
(98, 299, 1, 1),
(99, 299, 2, 2),
(100, 299, 3, 3),
(101, 299, 5, 4),
(102, 299, 4, 5),
(103, 299, 9, 6),
(104, 299, 6, 7),
(105, 299, 7, 8),
(106, 299, 8, 9),
(107, 299, 10, 10),
(108, 299, 11, 11),
(109, 389, 12, 1),
(110, 389, 2, 2),
(111, 389, 14, 3),
(112, 389, 15, 4),
(113, 389, 4, 5),
(114, 389, 9, 6),
(115, 389, 6, 7),
(116, 389, 7, 8),
(117, 389, 8, 9),
(118, 389, 21, 10),
(119, 389, 22, 11),
(120, 382, 1, 1),
(121, 382, 2, 2),
(122, 382, 3, 3),
(123, 382, 5, 4),
(124, 382, 4, 5),
(125, 382, 9, 6),
(126, 382, 6, 7),
(127, 382, 7, 8),
(128, 382, 8, 9),
(129, 382, 10, 10),
(130, 382, 11, 11),
(131, 378, 1, 1),
(132, 378, 2, 2),
(133, 378, 3, 3),
(134, 378, 5, 4),
(135, 378, 4, 5),
(136, 378, 9, 6),
(137, 378, 6, 7),
(138, 378, 7, 8),
(139, 378, 8, 9),
(140, 378, 10, 10),
(141, 378, 11, 11),
(142, 322, 1, 1),
(143, 322, 3, 3),
(144, 322, 4, 5),
(145, 322, 9, 6),
(146, 322, 10, 10),
(147, 322, 11, 11),
(148, 372, 1, 1),
(149, 372, 2, 2),
(150, 372, 3, 3),
(151, 372, 5, 4),
(152, 372, 4, 5),
(153, 372, 9, 6),
(154, 372, 6, 7),
(155, 372, 7, 8),
(156, 372, 8, 9),
(157, 372, 10, 10),
(158, 372, 11, 11),
(159, 348, 1, 1),
(160, 348, 2, 2),
(161, 348, 3, 3),
(162, 348, 5, 4),
(163, 348, 4, 5),
(164, 348, 9, 6),
(165, 348, 6, 7),
(166, 348, 7, 8),
(167, 348, 8, 9),
(168, 348, 10, 10),
(169, 348, 11, 11),
(170, 393, 1, 1),
(171, 393, 2, 2),
(172, 393, 3, 3),
(173, 393, 5, 4),
(174, 393, 4, 5),
(175, 393, 9, 6),
(176, 393, 6, 7),
(177, 393, 7, 8),
(178, 393, 8, 9),
(179, 393, 10, 10),
(180, 393, 11, 11),
(181, 311, 1, 1),
(182, 311, 2, 2),
(183, 311, 3, 3),
(184, 311, 5, 4),
(185, 311, 4, 5),
(186, 311, 9, 6),
(187, 311, 6, 7),
(188, 311, 7, 8),
(189, 311, 8, 9),
(190, 311, 10, 10),
(191, 311, 11, 11),
(192, 325, 1, 1),
(193, 325, 3, 3),
(194, 325, 4, 5),
(195, 325, 9, 6),
(196, 325, 6, 7),
(197, 325, 10, 10),
(198, 325, 11, 11),
(199, 349, 1, 1),
(200, 349, 2, 2),
(201, 349, 4, 5),
(202, 349, 9, 6),
(203, 349, 6, 7),
(204, 349, 7, 8),
(205, 349, 8, 9),
(206, 349, 10, 10),
(207, 349, 11, 11),
(208, 355, 1, 1),
(209, 355, 2, 2),
(210, 355, 3, 3),
(211, 355, 5, 4),
(212, 355, 4, 5),
(213, 355, 9, 6),
(214, 355, 6, 7),
(215, 355, 7, 8),
(216, 355, 8, 9),
(217, 355, 10, 10),
(218, 355, 11, 11),
(219, 392, 1, 1),
(220, 392, 2, 2),
(221, 392, 3, 3),
(222, 392, 5, 4),
(223, 392, 4, 5),
(224, 392, 9, 6),
(225, 392, 6, 7),
(226, 392, 7, 8),
(227, 392, 8, 9),
(228, 392, 10, 10),
(229, 392, 11, 11),
(230, 405, 4, 5),
(231, 405, 9, 6),
(232, 405, 6, 7),
(233, 405, 11, 11),
(234, 335, 1, 1),
(235, 335, 2, 2),
(236, 335, 3, 3),
(237, 335, 5, 4),
(238, 335, 4, 5),
(239, 335, 9, 6),
(240, 335, 6, 7),
(241, 335, 7, 8),
(242, 335, 8, 9),
(243, 335, 10, 10),
(244, 335, 11, 11),
(245, 383, 4, 5),
(246, 383, 9, 6),
(247, 383, 6, 7),
(248, 321, 4, 5),
(249, 321, 9, 6),
(250, 321, 6, 7),
(251, 402, 4, 5),
(252, 402, 9, 6),
(253, 402, 6, 7),
(254, 395, 4, 5),
(255, 395, 9, 6),
(256, 395, 6, 7),
(257, 303, 4, 5),
(258, 303, 9, 6),
(259, 303, 6, 7),
(260, 303, 11, 11),
(261, 397, 12, 1),
(262, 397, 4, 5),
(263, 397, 9, 6),
(264, 397, 6, 7),
(265, 397, 7, 8),
(266, 397, 8, 9),
(267, 397, 21, 10),
(268, 397, 11, 11),
(269, 420, 1, 1),
(270, 420, 2, 2),
(271, 420, 3, 3),
(272, 420, 5, 4),
(273, 420, 4, 5),
(274, 420, 9, 6),
(275, 420, 6, 7),
(276, 420, 7, 8),
(277, 420, 8, 9),
(278, 420, 10, 10),
(279, 420, 11, 11),
(280, 300, 1, 1),
(281, 300, 2, 2),
(282, 300, 3, 3),
(283, 300, 5, 4),
(284, 300, 4, 5),
(285, 300, 9, 6),
(286, 300, 6, 7),
(287, 300, 7, 8),
(288, 300, 8, 9),
(289, 300, 10, 10),
(290, 300, 11, 11),
(291, 330, 4, 5),
(292, 330, 9, 6),
(293, 330, 6, 7),
(294, 302, 1, 1),
(295, 302, 2, 2),
(296, 302, 3, 3),
(297, 302, 5, 4),
(298, 302, 4, 5),
(299, 302, 9, 6),
(300, 302, 6, 7),
(301, 302, 7, 8),
(302, 302, 8, 9),
(303, 302, 10, 10),
(304, 302, 11, 11),
(305, 342, 1, 1),
(306, 342, 2, 2),
(307, 342, 3, 3),
(308, 342, 5, 4),
(309, 342, 4, 5),
(310, 342, 9, 6),
(311, 342, 6, 7),
(312, 342, 7, 8),
(313, 342, 8, 9),
(314, 342, 10, 10),
(315, 342, 11, 11),
(316, 313, 1, 1),
(317, 313, 2, 2),
(318, 313, 3, 3),
(319, 313, 5, 4),
(320, 313, 4, 5),
(321, 313, 9, 6),
(322, 313, 6, 7),
(323, 313, 7, 8),
(324, 313, 8, 9),
(325, 313, 10, 10),
(326, 313, 11, 11),
(327, 374, 1, 1),
(328, 374, 2, 2),
(329, 374, 4, 5),
(330, 374, 9, 6),
(331, 374, 6, 7),
(332, 374, 7, 8),
(333, 374, 8, 9),
(334, 374, 10, 10),
(335, 374, 11, 11),
(336, 406, 4, 5),
(337, 406, 6, 7),
(338, 369, 1, 1),
(339, 369, 2, 2),
(340, 369, 3, 3),
(341, 369, 5, 4),
(342, 369, 4, 5),
(343, 369, 9, 6),
(344, 369, 6, 7),
(345, 369, 7, 8),
(346, 369, 8, 9),
(347, 369, 10, 10),
(348, 369, 11, 11),
(349, 64, 1, 1),
(350, 64, 2, 2),
(351, 64, 3, 3),
(352, 64, 5, 4),
(353, 64, 4, 5),
(354, 64, 9, 6),
(355, 64, 6, 7),
(356, 64, 7, 8),
(357, 64, 8, 9),
(358, 64, 10, 10),
(359, 64, 11, 11),
(360, 344, 1, 1),
(361, 344, 2, 2),
(362, 344, 5, 4),
(363, 344, 4, 5),
(364, 344, 9, 6),
(365, 344, 6, 7),
(366, 344, 7, 8),
(367, 344, 8, 9),
(368, 344, 10, 10),
(369, 344, 11, 11),
(370, 34, 1, 1),
(371, 34, 2, 2),
(372, 34, 3, 3),
(373, 34, 5, 4),
(374, 34, 4, 5),
(375, 34, 9, 6),
(376, 34, 6, 7),
(377, 34, 7, 8),
(378, 34, 8, 9),
(379, 34, 10, 10),
(380, 34, 11, 11),
(381, 376, 9, 6),
(382, 376, 6, 7),
(383, 376, 11, 11),
(384, 433, 1, 1),
(385, 433, 2, 2),
(386, 433, 3, 3),
(387, 433, 5, 4),
(388, 433, 4, 5),
(389, 433, 9, 6),
(390, 433, 6, 7),
(391, 433, 7, 8),
(392, 433, 8, 9),
(393, 433, 10, 10),
(394, 433, 11, 11),
(395, 366, 1, 1),
(396, 366, 2, 2),
(397, 366, 3, 3),
(398, 366, 5, 4),
(399, 366, 4, 5),
(400, 366, 9, 6),
(401, 366, 18, 7),
(402, 366, 7, 8),
(403, 366, 8, 9),
(404, 366, 10, 10),
(405, 366, 11, 11),
(406, 338, 1, 1),
(407, 338, 2, 2),
(408, 338, 3, 3),
(409, 338, 5, 4),
(410, 338, 4, 5),
(411, 338, 9, 6),
(412, 338, 6, 7),
(413, 338, 7, 8),
(414, 338, 8, 9),
(415, 338, 10, 10),
(416, 338, 11, 11),
(417, 432, 1, 1),
(418, 432, 2, 2),
(419, 432, 3, 3),
(420, 432, 5, 4),
(421, 432, 4, 5),
(422, 432, 9, 6),
(423, 432, 6, 7),
(424, 432, 7, 8),
(425, 432, 8, 9),
(426, 432, 10, 10),
(427, 432, 11, 11),
(428, 19, 1, 1),
(429, 19, 2, 2),
(430, 19, 3, 3),
(431, 19, 5, 4),
(432, 19, 4, 5),
(433, 19, 9, 6),
(434, 19, 6, 7),
(435, 19, 7, 8),
(436, 19, 8, 9),
(437, 19, 10, 10),
(438, 19, 11, 11),
(439, 301, 1, 1),
(440, 301, 2, 2),
(441, 301, 3, 3),
(442, 301, 5, 4),
(443, 301, 4, 5),
(444, 301, 9, 6),
(445, 301, 6, 7),
(446, 301, 7, 8),
(447, 301, 8, 9),
(448, 301, 10, 10),
(449, 301, 11, 11),
(450, 314, 12, 1),
(451, 314, 2, 2),
(452, 314, 3, 3),
(453, 314, 5, 4),
(454, 314, 4, 5),
(455, 314, 9, 6),
(456, 314, 6, 7),
(457, 314, 7, 8),
(458, 314, 8, 9),
(459, 314, 10, 10),
(460, 314, 11, 11),
(461, 200, 1, 1),
(462, 200, 2, 2),
(463, 200, 3, 3),
(464, 200, 5, 4),
(465, 200, 4, 5),
(466, 200, 9, 6),
(467, 200, 6, 7),
(468, 200, 7, 8),
(469, 200, 8, 9),
(470, 200, 10, 10),
(471, 200, 11, 11),
(472, 334, 1, 1),
(473, 334, 2, 2),
(474, 334, 3, 3),
(475, 334, 5, 4),
(476, 334, 4, 5),
(477, 334, 9, 6),
(478, 334, 6, 7),
(479, 334, 7, 8),
(480, 334, 8, 9),
(481, 334, 10, 10),
(482, 334, 11, 11),
(483, 430, 1, 1),
(484, 430, 2, 2),
(485, 430, 3, 3),
(486, 430, 5, 4),
(487, 430, 4, 5),
(488, 430, 9, 6),
(489, 430, 6, 7),
(490, 430, 7, 8),
(491, 430, 8, 9),
(492, 430, 10, 10),
(493, 430, 11, 11),
(494, 343, 1, 1),
(495, 343, 2, 2),
(496, 343, 3, 3),
(497, 343, 5, 4),
(498, 343, 4, 5),
(499, 343, 9, 6),
(500, 343, 6, 7),
(501, 343, 7, 8),
(502, 343, 8, 9),
(503, 343, 10, 10),
(504, 343, 11, 11),
(505, 27, 1, 1),
(506, 27, 2, 2),
(507, 27, 3, 3),
(508, 27, 5, 4),
(509, 27, 4, 5),
(510, 27, 9, 6),
(511, 27, 6, 7),
(512, 27, 7, 8),
(513, 27, 8, 9),
(514, 27, 10, 10),
(515, 27, 11, 11),
(516, 234, 1, 1),
(517, 234, 2, 2),
(518, 234, 3, 3),
(519, 234, 5, 4),
(520, 234, 4, 5),
(521, 234, 9, 6),
(522, 234, 6, 7),
(523, 234, 7, 8),
(524, 234, 8, 9),
(525, 234, 10, 10),
(526, 234, 11, 11),
(527, 327, 12, 1),
(528, 327, 2, 2),
(529, 327, 3, 3),
(530, 327, 5, 4),
(531, 327, 4, 5),
(532, 327, 9, 6),
(533, 327, 6, 7),
(534, 327, 7, 8),
(535, 327, 8, 9),
(536, 327, 10, 10),
(537, 327, 11, 11),
(538, 75, 1, 1),
(539, 75, 2, 2),
(540, 75, 3, 3),
(541, 75, 5, 4),
(542, 75, 4, 5),
(543, 75, 9, 6),
(544, 75, 6, 7),
(545, 75, 7, 8),
(546, 75, 8, 9),
(547, 75, 10, 10),
(548, 75, 11, 11),
(549, 358, 1, 1),
(550, 358, 2, 2),
(551, 358, 3, 3),
(552, 358, 5, 4),
(553, 358, 4, 5),
(554, 358, 9, 6),
(555, 358, 6, 7),
(556, 358, 7, 8),
(557, 358, 8, 9),
(558, 358, 10, 10),
(559, 358, 11, 11),
(560, 306, 1, 1),
(561, 306, 2, 2),
(562, 306, 3, 3),
(563, 306, 5, 4),
(564, 306, 16, 5),
(565, 306, 17, 6),
(566, 306, 6, 7),
(567, 306, 7, 8),
(568, 306, 8, 9),
(569, 306, 10, 10),
(570, 306, 11, 11),
(571, 289, 1, 1),
(572, 289, 2, 2),
(573, 289, 3, 3),
(574, 289, 5, 4),
(575, 289, 4, 5),
(576, 289, 9, 6),
(577, 289, 6, 7),
(578, 289, 7, 8),
(579, 289, 8, 9),
(580, 289, 10, 10),
(581, 289, 11, 11),
(582, 323, 1, 1),
(583, 323, 2, 2),
(584, 323, 3, 3),
(585, 323, 5, 4),
(586, 323, 4, 5),
(587, 323, 9, 6),
(588, 323, 6, 7),
(589, 323, 7, 8),
(590, 323, 8, 9),
(591, 323, 10, 10),
(592, 323, 11, 11),
(593, 435, 1, 1),
(594, 435, 2, 2),
(595, 435, 3, 3),
(596, 435, 5, 4),
(597, 435, 4, 5),
(598, 435, 9, 6),
(599, 435, 6, 7),
(600, 435, 7, 8),
(601, 435, 8, 9),
(602, 435, 10, 10),
(603, 435, 11, 11),
(604, 434, 5, 4),
(605, 434, 4, 5),
(606, 199, 1, 1),
(607, 199, 2, 2),
(608, 199, 3, 3),
(609, 199, 5, 4),
(610, 199, 4, 5),
(611, 199, 9, 6),
(612, 199, 6, 7),
(613, 199, 7, 8),
(614, 199, 8, 9),
(615, 199, 10, 10),
(616, 199, 11, 11),
(617, 352, 1, 1),
(618, 352, 2, 2),
(619, 352, 3, 3),
(620, 352, 5, 4),
(621, 352, 4, 5),
(622, 352, 9, 6),
(623, 352, 6, 7),
(624, 352, 7, 8),
(625, 352, 8, 9),
(626, 352, 10, 10),
(627, 352, 11, 11),
(628, 436, 1, 1),
(629, 436, 2, 2),
(630, 436, 3, 3),
(631, 436, 5, 4),
(632, 436, 4, 5),
(633, 436, 9, 6),
(634, 436, 6, 7),
(635, 436, 7, 8),
(636, 436, 8, 9),
(637, 436, 10, 10),
(638, 436, 11, 11),
(639, 437, 1, 1),
(640, 437, 2, 2),
(641, 437, 3, 3),
(642, 437, 5, 4),
(643, 437, 4, 5),
(644, 437, 9, 6),
(645, 437, 6, 7),
(646, 437, 7, 8),
(647, 437, 8, 9),
(648, 437, 10, 10),
(649, 437, 11, 11),
(650, 270, 1, 1),
(651, 270, 2, 2),
(652, 270, 3, 3),
(653, 270, 5, 4),
(654, 270, 7, 8),
(655, 270, 8, 9),
(656, 270, 10, 10),
(657, 270, 11, 11),
(658, 243, 1, 1),
(659, 243, 2, 2),
(660, 243, 3, 3),
(661, 243, 5, 4),
(662, 243, 4, 5),
(663, 243, 9, 6),
(664, 243, 6, 7),
(665, 243, 7, 8),
(666, 243, 8, 9),
(667, 243, 10, 10),
(668, 243, 11, 11),
(669, 206, 1, 1),
(670, 206, 2, 2),
(671, 206, 3, 3),
(672, 206, 5, 4),
(673, 206, 4, 5),
(674, 206, 9, 6),
(675, 206, 6, 7),
(676, 206, 7, 8),
(677, 206, 8, 9),
(678, 206, 10, 10),
(679, 206, 11, 11),
(680, 262, 1, 1),
(681, 262, 2, 2),
(682, 262, 3, 3),
(683, 262, 5, 4),
(684, 262, 4, 5),
(685, 262, 9, 6),
(686, 262, 6, 7),
(687, 262, 7, 8),
(688, 262, 8, 9),
(689, 262, 10, 10),
(690, 262, 11, 11),
(691, 438, 1, 1),
(692, 438, 2, 2),
(693, 438, 4, 5),
(694, 438, 9, 6),
(695, 438, 6, 7),
(696, 262, 1, 1),
(697, 262, 2, 2),
(698, 262, 3, 3),
(699, 262, 5, 4),
(700, 262, 4, 5),
(701, 262, 9, 6),
(702, 262, 6, 7),
(703, 262, 7, 8),
(704, 262, 8, 9),
(705, 262, 10, 10),
(706, 262, 11, 11),
(707, 197, 1, 1),
(708, 197, 2, 2),
(709, 197, 3, 3),
(710, 197, 5, 4),
(711, 197, 4, 5),
(712, 197, 9, 6),
(713, 197, 6, 7),
(714, 197, 7, 8),
(715, 197, 8, 9),
(716, 197, 10, 10),
(717, 197, 11, 11),
(718, 44, 1, 1),
(719, 44, 2, 2),
(720, 44, 3, 3),
(721, 44, 5, 4),
(722, 44, 4, 5),
(723, 44, 9, 6),
(724, 44, 6, 7),
(725, 44, 7, 8),
(726, 44, 8, 9),
(727, 44, 10, 10),
(728, 44, 11, 11),
(729, 181, 1, 1),
(730, 181, 2, 2),
(731, 181, 3, 3),
(732, 181, 5, 4),
(733, 181, 4, 5),
(734, 181, 9, 6),
(735, 181, 6, 7),
(736, 181, 7, 8),
(737, 181, 8, 9),
(738, 181, 10, 10),
(739, 181, 11, 11),
(740, 242, 1, 1),
(741, 242, 2, 2),
(742, 242, 3, 3),
(743, 242, 5, 4),
(744, 242, 4, 5),
(745, 242, 9, 6),
(746, 242, 6, 7),
(747, 242, 7, 8),
(748, 242, 8, 9),
(749, 242, 10, 10),
(750, 242, 11, 11),
(751, 276, 1, 1),
(752, 276, 2, 2),
(753, 276, 3, 3),
(754, 276, 5, 4),
(755, 276, 4, 5),
(756, 276, 9, 6),
(757, 276, 6, 7),
(758, 276, 7, 8),
(759, 276, 8, 9),
(760, 276, 10, 10),
(761, 276, 11, 11),
(762, 417, 2, 2),
(763, 417, 3, 3),
(764, 417, 5, 4),
(765, 417, 4, 5),
(766, 417, 9, 6),
(767, 417, 6, 7),
(768, 417, 7, 8),
(769, 417, 8, 9),
(770, 417, 10, 10),
(771, 417, 11, 11),
(772, 62, 1, 1),
(773, 62, 2, 2),
(774, 62, 3, 3),
(775, 62, 5, 4),
(776, 62, 4, 5),
(777, 62, 9, 6),
(778, 62, 6, 7),
(779, 62, 7, 8),
(780, 62, 8, 9),
(781, 62, 10, 10),
(782, 62, 11, 11),
(783, 221, 12, 1),
(784, 221, 2, 2),
(785, 221, 3, 3),
(786, 221, 5, 4),
(787, 221, 4, 5),
(788, 221, 9, 6),
(789, 221, 6, 7),
(790, 221, 19, 8),
(791, 221, 8, 9),
(792, 221, 10, 10),
(793, 221, 11, 11),
(794, 49, 1, 1),
(795, 49, 2, 2),
(796, 49, 3, 3),
(797, 49, 5, 4),
(798, 49, 4, 5),
(799, 49, 9, 6),
(800, 49, 6, 7),
(801, 49, 7, 8),
(802, 49, 8, 9),
(803, 49, 10, 10),
(804, 49, 11, 11),
(805, 238, 1, 1),
(806, 238, 2, 2),
(807, 238, 3, 3),
(808, 238, 5, 4),
(809, 238, 4, 5),
(810, 238, 9, 6),
(811, 238, 6, 7),
(812, 238, 7, 8),
(813, 238, 8, 9),
(814, 238, 10, 10),
(815, 238, 11, 11),
(816, 274, 1, 1),
(817, 274, 2, 2),
(818, 274, 3, 3),
(819, 274, 5, 4),
(820, 274, 4, 5),
(821, 274, 9, 6),
(822, 274, 6, 7),
(823, 274, 7, 8),
(824, 274, 8, 9),
(825, 274, 10, 10),
(826, 274, 11, 11),
(827, 316, 1, 1),
(828, 316, 2, 2),
(829, 316, 3, 3),
(830, 316, 5, 4),
(831, 316, 4, 5),
(832, 316, 9, 6),
(833, 316, 6, 7),
(834, 316, 7, 8),
(835, 316, 8, 9),
(836, 316, 10, 10),
(837, 316, 11, 11),
(838, 24, 1, 1),
(839, 24, 2, 2),
(840, 24, 3, 3),
(841, 24, 5, 4),
(842, 24, 4, 5),
(843, 24, 9, 6),
(844, 24, 6, 7),
(845, 24, 7, 8),
(846, 24, 8, 9),
(847, 24, 10, 10),
(848, 24, 11, 11),
(849, 53, 1, 1),
(850, 53, 2, 2),
(851, 53, 3, 3),
(852, 53, 5, 4),
(853, 53, 4, 5),
(854, 53, 9, 6),
(855, 53, 6, 7),
(856, 53, 7, 8),
(857, 53, 8, 9),
(858, 53, 10, 10),
(859, 53, 11, 11),
(860, 241, 1, 1),
(861, 241, 2, 2),
(862, 241, 3, 3),
(863, 241, 5, 4),
(864, 241, 4, 5),
(865, 241, 9, 6),
(866, 241, 6, 7),
(867, 241, 7, 8),
(868, 241, 8, 9),
(869, 241, 10, 10),
(870, 241, 11, 11),
(871, 329, 4, 5),
(872, 329, 9, 6),
(873, 329, 6, 7),
(874, 294, 1, 1),
(875, 294, 3, 3),
(876, 294, 5, 4),
(877, 294, 4, 5),
(878, 294, 9, 6),
(879, 294, 6, 7),
(880, 294, 10, 10),
(881, 345, 12, 1),
(882, 345, 2, 2),
(883, 345, 3, 3),
(884, 345, 5, 4),
(885, 345, 4, 5),
(886, 345, 9, 6),
(887, 345, 6, 7),
(888, 345, 7, 8),
(889, 345, 8, 9),
(890, 345, 10, 10),
(891, 345, 11, 11),
(892, 368, 12, 1),
(893, 368, 2, 2),
(894, 368, 3, 3),
(895, 368, 5, 4),
(896, 368, 4, 5),
(897, 368, 9, 6),
(898, 368, 6, 7),
(899, 368, 7, 8),
(900, 368, 8, 9),
(901, 368, 10, 10),
(902, 368, 11, 11),
(903, 244, 1, 1),
(904, 244, 2, 2),
(905, 244, 3, 3),
(906, 244, 5, 4),
(907, 244, 4, 5),
(908, 244, 9, 6),
(909, 244, 6, 7),
(910, 244, 7, 8),
(911, 244, 8, 9),
(912, 244, 10, 10),
(913, 244, 11, 11),
(914, 426, 12, 1),
(915, 426, 2, 2),
(916, 426, 3, 3),
(917, 426, 5, 4),
(918, 426, 4, 5),
(919, 426, 9, 6),
(920, 426, 6, 7),
(921, 426, 7, 8),
(922, 426, 8, 9),
(923, 426, 10, 10),
(924, 426, 11, 11),
(925, 233, 1, 1),
(926, 233, 2, 2),
(927, 233, 3, 3),
(928, 233, 5, 4),
(929, 233, 4, 5),
(930, 233, 9, 6),
(931, 233, 6, 7),
(932, 233, 7, 8),
(933, 233, 8, 9),
(934, 233, 10, 10),
(935, 233, 11, 11),
(936, 160, 1, 1),
(937, 160, 2, 2),
(938, 160, 3, 3),
(939, 160, 5, 4),
(940, 160, 4, 5),
(941, 160, 9, 6),
(942, 160, 6, 7),
(943, 160, 7, 8),
(944, 160, 8, 9),
(945, 160, 10, 10),
(946, 160, 11, 11),
(947, 168, 1, 1),
(948, 168, 2, 2),
(949, 168, 3, 3),
(950, 168, 5, 4),
(951, 168, 4, 5),
(952, 168, 9, 6),
(953, 168, 6, 7),
(954, 168, 7, 8),
(955, 168, 8, 9),
(956, 168, 10, 10),
(957, 168, 11, 11),
(958, 136, 1, 1),
(959, 136, 2, 2),
(960, 136, 3, 3),
(961, 136, 5, 4),
(962, 136, 4, 5),
(963, 136, 9, 6),
(964, 136, 6, 7),
(965, 136, 7, 8),
(966, 136, 8, 9),
(967, 136, 10, 10),
(968, 136, 11, 11),
(969, 14, 1, 1),
(970, 14, 2, 2),
(971, 14, 3, 3),
(972, 14, 5, 4),
(973, 14, 4, 5),
(974, 14, 9, 6),
(975, 14, 6, 7),
(976, 14, 7, 8),
(977, 14, 8, 9),
(978, 14, 10, 10),
(979, 14, 11, 11),
(980, 100, 1, 1),
(981, 100, 2, 2),
(982, 100, 3, 3),
(983, 100, 5, 4),
(984, 100, 4, 5),
(985, 100, 9, 6),
(986, 100, 6, 7),
(987, 100, 7, 8),
(988, 100, 8, 9),
(989, 100, 10, 10),
(990, 100, 11, 11),
(991, 375, 1, 1),
(992, 375, 2, 2),
(993, 375, 3, 3),
(994, 375, 5, 4),
(995, 375, 4, 5),
(996, 375, 9, 6),
(997, 375, 6, 7),
(998, 375, 7, 8),
(999, 375, 8, 9),
(1000, 375, 10, 10),
(1001, 375, 11, 11),
(1002, 425, 12, 1),
(1003, 425, 2, 2),
(1004, 425, 3, 3),
(1005, 425, 5, 4),
(1006, 425, 4, 5),
(1007, 425, 9, 6),
(1008, 425, 6, 7),
(1009, 425, 7, 8),
(1010, 425, 8, 9),
(1011, 425, 10, 10),
(1012, 425, 11, 11);

--
-- Indexes for dumped tables
--

--
-- Indexes for table `admin`
--
ALTER TABLE `admin`
  ADD PRIMARY KEY (`id`);

--
-- Indexes for table `candidates`
--
ALTER TABLE `candidates`
  ADD PRIMARY KEY (`id`);

--
-- Indexes for table `positions`
--
ALTER TABLE `positions`
  ADD PRIMARY KEY (`id`);

--
-- Indexes for table `voters`
--
ALTER TABLE `voters`
  ADD PRIMARY KEY (`id`);

--
-- Indexes for table `votes`
--
ALTER TABLE `votes`
  ADD PRIMARY KEY (`id`);

--
-- AUTO_INCREMENT for dumped tables
--

--
-- AUTO_INCREMENT for table `admin`
--
ALTER TABLE `admin`
  MODIFY `id` int(11) NOT NULL AUTO_INCREMENT, AUTO_INCREMENT=3;

--
-- AUTO_INCREMENT for table `candidates`
--
ALTER TABLE `candidates`
  MODIFY `id` int(11) NOT NULL AUTO_INCREMENT, AUTO_INCREMENT=23;

--
-- AUTO_INCREMENT for table `positions`
--
ALTER TABLE `positions`
  MODIFY `id` int(11) NOT NULL AUTO_INCREMENT, AUTO_INCREMENT=12;

--
-- AUTO_INCREMENT for table `voters`
--
ALTER TABLE `voters`
  MODIFY `id` int(11) NOT NULL AUTO_INCREMENT, AUTO_INCREMENT=439;

--
-- AUTO_INCREMENT for table `votes`
--
ALTER TABLE `votes`
  MODIFY `id` int(11) NOT NULL AUTO_INCREMENT, AUTO_INCREMENT=1013;
COMMIT;

/*!40101 SET CHARACTER_SET_CLIENT=@OLD_CHARACTER_SET_CLIENT */;
/*!40101 SET CHARACTER_SET_RESULTS=@OLD_CHARACTER_SET_RESULTS */;
/*!40101 SET COLLATION_CONNECTION=@OLD_COLLATION_CONNECTION */;
